<?xml version="1.0" encoding="UTF-8"?>

<!-- generated on Mi 22 Jan 2020 16:00:55 CET by Eclipse SUMO netedit Version v1_2_0+0619-d7eb694e56
<configuration xmlns:xsi="http://www.w3.org/2001/XMLSchema-instance" xsi:noNamespaceSchemaLocation="http://sumo.dlr.de/xsd/netconvertConfiguration.xsd">

    <input>
        <sumo-net-file value="/home/silas/Desktop/ingolstadt/Simulation/SUMO-Conference/Simulations31/Simu2/ingolstadt.net.xml"/>
    </input>

    <output>
        <output-file value="/home/silas/Desktop/ingolstadt/Simulation/SUMO-Conference/Simulations31/Simu2/ingolstadt.net.xml"/>
    </output>

    <processing>
        <geometry.max-grade.fix value="false"/>
        <offset.disable-normalization value="true"/>
        <lefthand value="false"/>
    </processing>

    <junctions>
        <no-turnarounds value="true"/>
        <junctions.corner-detail value="5"/>
        <junctions.limit-turn-speed value="5.5"/>
        <rectangular-lane-cut value="false"/>
    </junctions>

    <pedestrian>
        <walkingareas value="false"/>
    </pedestrian>

    <netedit>
        <additional-files value="/home/silas/Desktop/ingolstadt/Simulation/SUMO-Conference/Simulations31/Simu2/e1detectors.xml"/>
    </netedit>

</configuration>
-->

<additional xmlns:xsi="http://www.w3.org/2001/XMLSchema-instance" xsi:noNamespaceSchemaLocation="http://sumo.dlr.de/xsd/additional_file.xsd">
    <e1Detector id="e1Detector_257907858#0_0_10" lane="257907858#0_0" pos="16.08" freq="900.00" file="strom456.xml"/>
    <e1Detector id="e1Detector_257907859#0_0_14" lane="257907859#0_0" pos="2.63" freq="900.00" file="strom8.xml"/>
    <e1Detector id="e1Detector_257907859#0_1_15" lane="257907859#0_1" pos="2.23" freq="900.00" file="strom8.xml"/>
    <e1Detector id="e1Detector_26451152#0_0_12" lane="26451152#0_0" pos="3.91" freq="900.00" file="strom9.xml"/>
    <e1Detector id="e1Detector_266507552#0_0_2" name="Goethe3" lane="266507552#0_0" pos="11.78" freq="900.00" file="strom2.xml" friendlyPos="1"/>
    <e1Detector id="e1Detector_266507552#0_1_1" name="Goethe2" lane="266507552#0_1" pos="11.46" freq="900.00" file="strom2.xml"/>
    <e1Detector id="e1Detector_266507552#0_2_0" name="Goethe1" lane="266507552#0_2" pos="10.75" freq="900.00" file="strom1.xml"/>
    <e1Detector id="e1Detector_33280102#5_0_6" lane="33280102#5_0" pos="2.24" freq="900.00" file="strom12.xml" friendlyPos="1"/>
    <e1Detector id="e1Detector_33280102#5_1_7" lane="33280102#5_1" pos="1.43" freq="900.00" file="strom11.xml" friendlyPos="1"/>
    <e1Detector id="e1Detector_33280102#5_2_8" lane="33280102#5_2" pos="2.47" freq="900.00" file="strom10.xml" friendlyPos="1"/>
    <e1Detector id="e1Detector_85564606_0_3" lane="85564606_0" pos="6.44" freq="900.00" file="strom3.xml"/>
</additional>
